"","Fibroblast","CellType2","CellType3"
"Sample-1","LowPDCtrl",NA,"Group2"
"Sample-2","PD50",NA,"Group2"
"Sample-3","HighPDCtrl",NA,"Group2"
"Sample-4","Senes",NA,"Group2"
"Sample-5","HighPDCtrl",NA,"Group2"
"Sample-6","Senes",NA,"Group1"
"Sample-7","HighPDCtrl",NA,"Group1"
"Sample-8","HighPDCtrl",NA,"Group2"
"Sample-9","LowPDCtrl",NA,"Group1"
"Sample-10","PD50",NA,"Group2"
"Sample-11","PD50",NA,"Group2"
"Sample-12","LowPDCtrl",NA,"Group1"
"Sample-13","Senes",NA,"Group2"
"Sample-14","PD50",NA,"Group2"
"Sample-15","Senes",NA,"Group1"
"Sample-16","LowPDCtrl",NA,"Group2"
"Sample-17","Senes",NA,"Group2"
"Sample-18","PD50",NA,"Group2"
"Sample-19","LowPDCtrl",NA,"Group1"
"Sample-20","Senes",NA,"Group2"
"Sample-21","Senes",NA,"Group2"
"Sample-22","HighPDCtrl",NA,"Group2"
"Sample-23","PD50",NA,"Group1"
"Sample-24","LowPDCtrl",NA,"Group2"
"Sample-25","HighPDCtrl",NA,"Group2"
"Sample-26","PD50",NA,"Group1"
"Sample-27","Senes",NA,"Group2"
"Sample-28","LowPDCtrl",NA,"Group2"
"Sample-29","PD50",NA,"Group2"
"Sample-30","PD50",NA,"Group2"
"Sample-31","PD50",NA,"Group1"
"Sample-32","PD50",NA,"Group1"
"Sample-33","HighPDCtrl",NA,"Group2"
"Sample-34","HighPDCtrl",NA,"Group1"
"Sample-35","Senes",NA,"Group2"
"Sample-36","PD50",NA,"Group1"
"Sample-37","PD50",NA,"Group1"
"Sample-38","Senes",NA,"Group1"
"Sample-39","Senes",NA,"Group2"
"Sample-40","Senes",NA,"Group1"
"Sample-41","PD50",NA,"Group1"
"Sample-42","HighPDCtrl",NA,"Group2"
"Sample-43","Senes",NA,"Group2"
"Sample-44","LowPDCtrl",NA,"Group2"
"Sample-45","HighPDCtrl",NA,"Group2"
"Sample-46","HighPDCtrl",NA,"Group2"
"Sample-47","HighPDCtrl",NA,"Group2"
"Sample-48","PD50",NA,"Group2"
"Sample-49","Senes",NA,"Group1"
"Sample-50","HighPDCtrl",NA,"Group2"
"Sample-51","PD50",NA,"Group1"
"Sample-52","HighPDCtrl",NA,"Group2"
"Sample-53","Senes",NA,"Group2"
"Sample-54","HighPDCtrl",NA,"Group1"
"Sample-55","Senes",NA,"Group2"
"Sample-56","HighPDCtrl",NA,"Group2"
"Sample-57","LowPDCtrl",NA,"Group1"
"Sample-58","HighPDCtrl",NA,"Group1"
"Sample-59","LowPDCtrl",NA,"Group1"
"Sample-60","PD50",NA,"Group2"
"Sample-61","PD50",NA,"Group2"
"Sample-62","HighPDCtrl",NA,"Group1"
"Sample-63","HighPDCtrl",NA,"Group2"
"Sample-64","HighPDCtrl",NA,"Group2"
"Sample-65","HighPDCtrl",NA,"Group2"
"Sample-66","PD50",NA,"Group2"
"Sample-67","Senes",NA,"Group1"
"Sample-68","PD50",NA,"Group2"
"Sample-69","PD50",NA,"Group1"
"Sample-70","Senes",NA,"Group1"
"Sample-71","Senes",NA,"Group2"
"Sample-72","HighPDCtrl",NA,"Group1"
"Sample-73","LowPDCtrl",NA,"Group2"
"Sample-74","PD50",NA,"Group2"
"Sample-75","LowPDCtrl",NA,"Group1"
"Sample-76","PD50",NA,"Group1"
"Sample-77","LowPDCtrl",NA,"Group1"
"Sample-78","PD50",NA,"Group2"
"Sample-79","PD50",NA,"Group2"
"Sample-80","PD50",NA,"Group2"
"Sample-81","HighPDCtrl",NA,"Group1"
"Sample-82","HighPDCtrl",NA,"Group1"
"Sample-83","LowPDCtrl",NA,"Group2"
"Sample-84","LowPDCtrl",NA,"Group2"
"Sample-85","HighPDCtrl",NA,"Group2"
"Sample-86","PD50",NA,"Group1"
"Sample-87","LowPDCtrl",NA,"Group1"
"Sample-88","LowPDCtrl",NA,"Group2"
"Sample-89","HighPDCtrl",NA,"Group2"
"Sample-90","Senes",NA,"Group2"
"Sample-91","Senes",NA,"Group2"
"Sample-92","HighPDCtrl",NA,"Group1"
"Sample-93","PD50",NA,"Group2"
"Sample-94","LowPDCtrl",NA,"Group1"
"Sample-95","HighPDCtrl",NA,"Group1"
"Sample-96","Senes",NA,"Group1"
"Sample-97","LowPDCtrl",NA,"Group1"
"Sample-98","PD50",NA,"Group1"
"Sample-99","PD50",NA,"Group1"
"Sample-100","HighPDCtrl",NA,"Group2"
"Sample-101","LowPDCtrl",NA,"Group1"
"Sample-102","Senes",NA,"Group1"
"Sample-103","PD50",NA,"Group2"
"Sample-104","HighPDCtrl",NA,"Group2"
"Sample-105","PD50",NA,"Group1"
"Sample-106","LowPDCtrl",NA,"Group2"
"Sample-107","Senes",NA,"Group2"
"Sample-108","PD50",NA,"Group1"
"Sample-109","PD50",NA,"Group2"
"Sample-110","PD50",NA,"Group2"
"Sample-111","LowPDCtrl",NA,"Group1"
"Sample-112","HighPDCtrl",NA,"Group1"
"Sample-113","PD50",NA,"Group2"
"Sample-114","HighPDCtrl",NA,"Group2"
"Sample-115","Senes",NA,"Group1"
"Sample-116","HighPDCtrl",NA,"Group1"
"Sample-117","Senes",NA,"Group2"
"Sample-118","PD50",NA,"Group2"
"Sample-119","LowPDCtrl",NA,"Group1"
"Sample-120","PD50",NA,"Group2"
"Sample-121","PD50",NA,"Group2"
"Sample-122","Senes",NA,"Group2"
"Sample-123","HighPDCtrl",NA,"Group2"
"Sample-124","LowPDCtrl",NA,"Group2"
"Sample-125","LowPDCtrl",NA,"Group2"
"Sample-126","PD50",NA,"Group1"
"Sample-127","HighPDCtrl",NA,"Group1"
"Sample-128","Senes",NA,"Group2"
"Sample-129","Senes",NA,"Group1"
"Sample-130","PD50",NA,"Group2"
"Sample-131","LowPDCtrl",NA,"Group1"
"Sample-132","LowPDCtrl",NA,"Group2"
"Sample-133","HighPDCtrl",NA,"Group1"
"Sample-134","HighPDCtrl",NA,"Group1"
"Sample-135","Senes",NA,"Group2"
"Sample-136","HighPDCtrl",NA,"Group1"
"Sample-137","LowPDCtrl",NA,"Group2"
"Sample-138","Senes",NA,"Group2"
"Sample-139","PD50",NA,"Group1"
"Sample-140","HighPDCtrl",NA,"Group1"
"Sample-141","HighPDCtrl",NA,"Group1"
"Sample-142","Senes",NA,"Group2"
"Sample-143","LowPDCtrl",NA,"Group2"
"Sample-144","LowPDCtrl",NA,"Group2"
"Sample-145","LowPDCtrl",NA,"Group1"
"Sample-146","LowPDCtrl",NA,"Group1"
"Sample-147","PD50",NA,"Group1"
"Sample-148","Senes",NA,"Group2"
"Sample-149","HighPDCtrl",NA,"Group2"
"Sample-150","Senes",NA,"Group2"
"Sample-151","PD50",NA,"Group2"
"Sample-152","LowPDCtrl",NA,"Group1"
"Sample-153","LowPDCtrl",NA,"Group1"
"Sample-154","HighPDCtrl",NA,"Group2"
"Sample-155","HighPDCtrl",NA,"Group2"
"Sample-156","PD50",NA,"Group1"
"Sample-157","LowPDCtrl",NA,"Group1"
"Sample-158","PD50",NA,"Group1"
"Sample-159","HighPDCtrl",NA,"Group2"
"Sample-160","Senes",NA,"Group1"
"Sample-161","Senes",NA,"Group2"
"Sample-162","Senes",NA,"Group2"
"Sample-163","HighPDCtrl",NA,"Group1"
"Sample-164","Senes",NA,"Group2"
"Sample-165","LowPDCtrl",NA,"Group2"
"Sample-166","PD50",NA,"Group2"
"Sample-167","Senes",NA,"Group2"
"Sample-168","Senes",NA,"Group1"
"Sample-169","Senes",NA,"Group1"
"Sample-170","PD50",NA,"Group2"
"Sample-171","Senes",NA,"Group1"
"Sample-172","LowPDCtrl",NA,"Group1"
"Sample-173","Senes",NA,"Group2"
"Sample-174","Senes",NA,"Group2"
"Sample-175","PD50",NA,"Group2"
"Sample-176","HighPDCtrl",NA,"Group1"
"Sample-177","PD50",NA,"Group2"
"Sample-178","HighPDCtrl",NA,"Group1"
"Sample-179","Senes",NA,"Group2"
"Sample-180","Senes",NA,"Group1"
"Sample-181","LowPDCtrl",NA,"Group1"
"Sample-182","LowPDCtrl",NA,"Group1"
"Sample-183","PD50",NA,"Group2"
"Sample-184","Senes",NA,"Group1"
"Sample-185","HighPDCtrl",NA,"Group1"
"Sample-186","HighPDCtrl",NA,"Group1"
"Sample-187","HighPDCtrl",NA,"Group1"
"Sample-188","Senes",NA,"Group1"
"Sample-189","HighPDCtrl",NA,"Group2"
"Sample-190","LowPDCtrl",NA,"Group1"
"Sample-191","HighPDCtrl",NA,"Group2"
"Sample-192","PD50",NA,"Group2"
"Sample-193","HighPDCtrl",NA,"Group1"
"Sample-194","HighPDCtrl",NA,"Group2"
"Sample-195","HighPDCtrl",NA,"Group2"
"Sample-196","PD50",NA,"Group2"
"Sample-197","LowPDCtrl",NA,"Group1"
"Sample-198","Senes",NA,"Group1"
"Sample-199","PD50",NA,"Group1"
"Sample-200","PD50",NA,"Group1"
